{        
        "CIT_PROD_0_v2": {
            "thermistor 2": [
                1.0022945218446646,
                0.004882813831098305
            ],
            "thermistor 1": [
                1.0332941247432146,
                0.0030839197815299133
            ],
            "thermistor 0": [
                1.0306114377433513,
                0.004776472736554637
            ]
        },
        "CIT_PROD_2_v2": {
            "thermistor 2": [
                1.0042334354891655,
                0.00194257068158517
            ],
            "thermistor 1": [
                0.9669655943618749,
                0.0028258904414135656
            ],
            "thermistor 0": [
                1.0428750837273735,
                0.004614995230408293
            ]
        },
    "CIT_PROD_4": {
        "thermistor 2": [
            1.0296680701756995,
            0.0029848878489114345
        ],
        "thermistor 1": [
            1.010246774180803,
            0.002288530941729389
        ],
        "thermistor 0": [
            1.0231121594791788,
            0.0024279504773667684
        ]
    },
    "CIT_PROD_6": {
        "thermistor 2": [
            0.926476079822735,
            0.0022788844081812376
        ],
        "thermistor 1": [
            1.0117612170257353,
            0.003743284359850448
        ],
        "thermistor 0": [
            0.975351011853441,
            0.005596094630045767
        ]
    },
    "CIT_PROD_1": {
        "thermistor 0": [
            1.0562594922315398,
            0.000991692317369311
        ],
        "thermistor 1": [
            1.0206361744712615,
            0.003413315331628557
        ],
        "thermistor 2": [
            1.0122166143927651,
            0.0033400371812670293
        ]
    },
    "CIT_PROD_3": {
        "thermistor 0": [
            0.9794562990160622,
            0.0033307318768653503
        ],
        "thermistor 1": [
            1.033452559009292,
            0.0017975028831048426
        ],
        "thermistor 2": [
            1.0310839585596296,
            0.003741136388026537
        ]
    },
    "CIT_PROD_5": {
        "thermistor 0": [
            1.0664410400208197,
            0.002824840488088717
        ],
        "thermistor 1": [
            0.9677978449123829,
            0.003964668469724118
        ],
        "thermistor 2": [
            1.0226469077653746,
            0.00275461872500169
        ]
    },
    "CIT_PROD_7": {
        "thermistor 0": [
            1.0435199432364144,
            0.00621620773989662
        ],
        "thermistor 1": [
            0.9959343033834218,
            0.002729691028660441
        ],
        "thermistor 2": [
            0.9843133153047954,
            0.003645902361959817
        ]
    }
}
